Name_data_0,Data_0,Name_data_1,Data_1,Name_data_2,Data_2,Data_3,Data_4,Data_5,Date
Sopimustyyppi,Toistaiseksi voimassaoleva,Kuukausimaksu,1.95,Energiamaksu,0.39,Pörssisidonnainen,Toistaiseksi voimassa kahden viikon irtisanomisajalla,Sähkötytöt Oy,2026-08-06
Sopimustyyppi,Toistaiseksi voimassaoleva,Kuukausimaksu,3.04,Energiamaksu,0.29,Pörssisidonnainen,Toistaiseksi voimassa kahden viikon irtisanomisajalla,Herrfors Oy Ab,2026-08-06
Sopimustyyppi,Toistaiseksi voimassaoleva,Kuukausimaksu,2.99,Energiamaksu,0.34,Pörssisidonnainen,Toistaiseksi voimassa kahden viikon irtisanomisajalla,Vihreä Älyenergia Oy,2026-08-06
Sopimustyyppi,Toistaiseksi voimassaoleva,Kuukausimaksu,2.99,Energiamaksu,0.45,Pörssisidonnainen,Toistaiseksi voimassa kahden viikon irtisanomisajalla,Vihreä Älyenergia Oy,2026-08-06
Sopimustyyppi,Toistaiseksi voimassaoleva,Kuukausimaksu,3.60,Energiamaksu,0.41,Pörssisidonnainen,Toistaiseksi voimassa kahden viikon irtisanomisajalla,Porvoon Energia Oy,2026-08-06
Sopimustyyppi,Toistaiseksi voimassaoleva,Kuukausimaksu,3.95,Energiamaksu,0.40,Pörssisidonnainen,Toistaiseksi voimassa kahden viikon irtisanomisajalla,Äänekosken Energia Oy,2026-08-06
Sopimustyyppi,Toistaiseksi voimassaoleva,Kuukausimaksu,3.95,Energiamaksu,0.40,Pörssisidonnainen,Toistaiseksi voimassa kahden viikon irtisanomisajalla,Äänekosken Energia Oy,2026-08-06
Sopimustyyppi,Toistaiseksi voimassaoleva,Kuukausimaksu,4.65,Energiamaksu,0.33,Pörssisidonnainen,Toistaiseksi voimassa kahden viikon irtisanomisajalla,Parikkalan Valo Oy,2026-08-06
Sopimustyyppi,Toistaiseksi voimassaoleva,Kuukausimaksu,2.53,Energiamaksu,0.60,Pörssisidonnainen,Toistaiseksi voimassa kahden viikon irtisanomisajalla,Kokkolan Energia Oy,2026-08-06
Sopimustyyppi,Toistaiseksi voimassaoleva,Kuukausimaksu,3.04,Energiamaksu,0.54,Pörssisidonnainen,Toistaiseksi voimassa kahden viikon irtisanomisajalla,Herrfors Oy Ab,2026-08-06
Sopimustyyppi,Toistaiseksi voimassaoleva,Kuukausimaksu,4.50,Energiamaksu,0.39,Pörssisidonnainen,Toistaiseksi voimassa kahden viikon irtisanomisajalla,Hehku Energia Oy,2026-08-06
Sopimustyyppi,Toistaiseksi voimassaoleva,Kuukausimaksu,3.95,Energiamaksu,0.50,Pörssisidonnainen,Toistaiseksi voimassa kahden viikon irtisanomisajalla,Korpelan Energia Oy,2026-08-06
Sopimustyyppi,Toistaiseksi voimassaoleva,Energiamaksu,0.39,Kuukausimaksu,4.90,Pörssisidonnainen,Toistaiseksi voimassa kahden viikon irtisanomisajalla,Cheap Energy Finland Oy,2026-08-06
Sopimustyyppi,Toistaiseksi voimassaoleva,Energiamaksu,0.50,Kuukausimaksu,4.00,Pörssisidonnainen,Toistaiseksi voimassa kahden viikon irtisanomisajalla,Paneliankosken Voima Oy,2026-08-06
Sopimustyyppi,Toistaiseksi voimassaoleva,Kuukausimaksu,4.52,Energiamaksu,0.44,Pörssisidonnainen,Toistaiseksi voimassa kahden viikon irtisanomisajalla,Koillis-Satakunnan Sähkö Oy,2026-08-06
Sopimustyyppi,Toistaiseksi voimassaoleva,Kuukausimaksu,4.56,Energiamaksu,0.46,Pörssisidonnainen,Toistaiseksi voimassa kahden viikon irtisanomisajalla,Pohjois-Karjalan Sähkö Oy,2026-08-06
Sopimustyyppi,Toistaiseksi voimassaoleva,Energiamaksu,0.42,Kuukausimaksu,4.95,Pörssisidonnainen,Toistaiseksi voimassa kahden viikon irtisanomisajalla,Turku Energia Oy,2026-08-06
Sopimustyyppi,Toistaiseksi voimassaoleva,Kuukausimaksu,4.04,Energiamaksu,0.55,Pörssisidonnainen,Toistaiseksi voimassa kahden viikon irtisanomisajalla,Keravan Energia Oy,2026-08-06
Sopimustyyppi,Toistaiseksi voimassaoleva,Kuukausimaksu,4.90,Energiamaksu,0.48,Pörssisidonnainen,Toistaiseksi voimassa kahden viikon irtisanomisajalla,Imatran Seudun Sähkö Oy,2026-08-06
Sopimustyyppi,Toistaiseksi voimassaoleva,Kuukausimaksu,4.90,Energiamaksu,0.48,Pörssisidonnainen,Toistaiseksi voimassa kahden viikon irtisanomisajalla,Vaasan Sähkö Myynti Oy,2026-08-06
Sopimustyyppi,Toistaiseksi voimassaoleva,Energiamaksu,0.59,Kuukausimaksu,4.05,Pörssisidonnainen,Toistaiseksi voimassa kahden viikon irtisanomisajalla,Nurmijärven Sähkö Oy,2026-08-06
Sopimustyyppi,Toistaiseksi voimassaoleva,Kuukausimaksu,4.89,Energiamaksu,0.49,Pörssisidonnainen,Toistaiseksi voimassa kahden viikon irtisanomisajalla,Köyliön-Säkylän Sähkö Oy,2026-08-06
Sopimustyyppi,Toistaiseksi voimassaoleva,Energiamaksu,0.49,Kuukausimaksu,4.90,Pörssisidonnainen,Toistaiseksi voimassa kahden viikon irtisanomisajalla,Hehku Energia Oy,2026-08-06
Sopimustyyppi,Toistaiseksi voimassaoleva,Energiamaksu,0.49,Kuukausimaksu,4.96,Pörssisidonnainen,Toistaiseksi voimassa kahden viikon irtisanomisajalla,Helen Oy,2026-08-06
Sopimustyyppi,Toistaiseksi voimassaoleva,Kuukausimaksu,4.91,Energiamaksu,0.50,Pörssisidonnainen,Toistaiseksi voimassa kahden viikon irtisanomisajalla,Lumme Energia,2026-08-06
Sopimustyyppi,Toistaiseksi voimassaoleva,Kuukausimaksu,5.00,Energiamaksu,0.50,Pörssisidonnainen,Toistaiseksi voimassa kahden viikon irtisanomisajalla,Omavoima Oy,2026-08-06
Sopimustyyppi,Toistaiseksi voimassaoleva,Kuukausimaksu,0.99,Energiamaksu,0.99,Pörssisidonnainen,Toistaiseksi voimassa kahden viikon irtisanomisajalla,Aalto energia Oyj,2026-08-06
Sopimustyyppi,Toistaiseksi voimassaoleva,Energiamaksu,0.59,Kuukausimaksu,4.99,Pörssisidonnainen,Toistaiseksi voimassa kahden viikon irtisanomisajalla,Vihreä Älyenergia Oy,2026-08-06
Sopimustyyppi,Toistaiseksi voimassaoleva,Kuukausimaksu,4.96,Energiamaksu,0.60,Pörssisidonnainen,Toistaiseksi voimassa kahden viikon irtisanomisajalla,Oomi Oy,2026-08-06
Sopimustyyppi,Toistaiseksi voimassaoleva,Energiamaksu,0.50,Kuukausimaksu,5.95,Pörssisidonnainen,Toistaiseksi voimassa kahden viikon irtisanomisajalla,Vattenfall Oy,2026-08-06
Sopimustyyppi,Toistaiseksi voimassaoleva,Energiamaksu,0.50,Kuukausimaksu,5.95,Pörssisidonnainen,Toistaiseksi voimassa kahden viikon irtisanomisajalla,Vattenfall Oy,2026-08-06
Sopimustyyppi,Toistaiseksi voimassaoleva,Energiamaksu,0.50,Kuukausimaksu,5.95,Pörssisidonnainen,Toistaiseksi voimassa kahden viikon irtisanomisajalla,Vattenfall Oy,2026-08-06
Sopimustyyppi,Toistaiseksi voimassaoleva,Energiamaksu,0.50,Kuukausimaksu,5.95,Pörssisidonnainen,Toistaiseksi voimassa kahden viikon irtisanomisajalla,Vattenfall Oy,2026-08-06
Sopimustyyppi,Toistaiseksi voimassaoleva,Energiamaksu,0.50,Kuukausimaksu,5.95,Pörssisidonnainen,Toistaiseksi voimassa kahden viikon irtisanomisajalla,Vattenfall Oy,2026-08-06
Sopimustyyppi,Toistaiseksi voimassaoleva,Kuukausimaksu,2.53,Energiamaksu,0.92,Pörssisidonnainen,Toistaiseksi voimassa kahden viikon irtisanomisajalla,Kokkolan Energia Oy,2026-08-06
Sopimustyyppi,Toistaiseksi voimassaoleva,Energiamaksu,0.39,Kuukausimaksu,6.99,Pörssisidonnainen,Toistaiseksi voimassa kahden viikon irtisanomisajalla,Nurmijärven Sähkö Oy,2026-08-06
Sopimustyyppi,Toistaiseksi voimassaoleva,Kuukausimaksu,5.99,Energiamaksu,0.59,Pörssisidonnainen,Toistaiseksi voimassa kahden viikon irtisanomisajalla,Fortum Markets Oy,2026-08-06
Sopimustyyppi,Toistaiseksi voimassaoleva,Energiamaksu,0.85,Kuukausimaksu,4.04,Pörssisidonnainen,Toistaiseksi voimassa kahden viikon irtisanomisajalla,Keravan Energia Oy,2026-08-06
Sopimustyyppi,Toistaiseksi voimassaoleva,Energiamaksu,0.71,Kuukausimaksu,5.57,Pörssisidonnainen,Toistaiseksi voimassa kahden viikon irtisanomisajalla,Kuoreveden Sähkö Oy,2026-08-06
Sopimustyyppi,Toistaiseksi voimassaoleva,Kuukausimaksu,5.98,Energiamaksu,0.68,Pörssisidonnainen,Toistaiseksi voimassa kahden viikon irtisanomisajalla,Nordic Green Energy,2026-08-06
Sopimustyyppi,Toistaiseksi voimassaoleva,Kuukausimaksu,5.90,Energiamaksu,0.69,Pörssisidonnainen,Toistaiseksi voimassa kahden viikon irtisanomisajalla,Hehku Energia Oy,2026-08-06
Sopimustyyppi,Toistaiseksi voimassaoleva,Kuukausimaksu,5.97,Energiamaksu,0.80,Pörssisidonnainen,Toistaiseksi voimassa kahden viikon irtisanomisajalla,Oomi Oy,2026-08-06
Sopimustyyppi,Toistaiseksi voimassaoleva,Kuukausimaksu,4.90,Energiamaksu,0.94,Pörssisidonnainen,Toistaiseksi voimassa kahden viikon irtisanomisajalla,Vaasan Sähkö Myynti Oy,2026-08-06
Sopimustyyppi,Toistaiseksi voimassaoleva,Energiamaksu,1.32,Kuukausimaksu,5.57,Pörssisidonnainen,Toistaiseksi voimassa kahden viikon irtisanomisajalla,Kuoreveden Sähkö Oy,2026-08-06
Sopimustyyppi,Toistaiseksi voimassaoleva,Energiamaksu,1.60,Kuukausimaksu,4.05,Pörssisidonnainen,Toistaiseksi voimassa kahden viikon irtisanomisajalla,Nurmijärven Sähkö Oy,2026-08-06
Sopimustyyppi,Toistaiseksi voimassaoleva,Kuukausimaksu,9.99,Energiamaksu,0.99,Pörssisidonnainen,Toistaiseksi voimassa kahden viikon irtisanomisajalla,Nordic Green Energy,2026-08-06
Sopimustyyppi,Toistaiseksi voimassaoleva,Energiamaksu,8.99,Kuukausimaksu,4.99,Pörssisidonnainen,Toistaiseksi voimassa kahden viikon irtisanomisajalla,Cheap Energy Finland Oy,2026-08-06
Sopimustyyppi,Toistaiseksi voimassaoleva,Energiamaksu,6.49,Kuukausimaksu,5.99,Kiinteähintainen,Toistaiseksi voimassa kahden viikon irtisanomisajalla,Aalto energia Oyj,2026-08-06
Sopimustyyppi,Toistaiseksi voimassaoleva,Energiamaksu,6.94,Kuukausimaksu,2.53,Kiinteähintainen,Toistaiseksi voimassa kahden viikon irtisanomisajalla,Kokkolan Energia Oy,2026-08-06
Sopimustyyppi,Toistaiseksi voimassaoleva,Energiamaksu,7.49,Kuukausimaksu,4.90,Kiinteähintainen,Toistaiseksi voimassa kahden viikon irtisanomisajalla,Cheap Energy Finland Oy,2026-08-06
Sopimustyyppi,Toistaiseksi voimassaoleva,Energiamaksu,7.97,Kuukausimaksu,2.53,Kiinteähintainen,Toistaiseksi voimassa kahden viikon irtisanomisajalla,Kokkolan Energia Oy,2026-08-06
Sopimustyyppi,Toistaiseksi voimassaoleva,Energiamaksu,7.69,Kuukausimaksu,5.95,Kiinteähintainen,Toistaiseksi voimassa kahden viikon irtisanomisajalla,Aalto energia Oyj,2026-08-06
Sopimustyyppi,Toistaiseksi voimassaoleva,Kuukausimaksu,4.90,Energiamaksu,7.90,Kiinteähintainen,Toistaiseksi voimassa kahden viikon irtisanomisajalla,Vaasan Sähkö Myynti Oy,2026-08-06
Sopimustyyppi,Toistaiseksi voimassaoleva,Energiamaksu,8.22,Kuukausimaksu,2.53,Kiinteähintainen,Toistaiseksi voimassa kahden viikon irtisanomisajalla,Kokkolan Energia Oy,2026-08-06
Sopimustyyppi,Toistaiseksi voimassaoleva,Kuukausimaksu,4.90,Energiamaksu,8.35,Kiinteähintainen,Toistaiseksi voimassa kahden viikon irtisanomisajalla,Vaasan Sähkö Myynti Oy,2026-08-06
Sopimustyyppi,Toistaiseksi voimassaoleva,Energiamaksu,8.92,Kuukausimaksu,4.56,Kiinteähintainen,Toistaiseksi voimassa kahden viikon irtisanomisajalla,Pohjois-Karjalan Sähkö Oy,2026-08-06
Sopimustyyppi,Toistaiseksi voimassaoleva,Kuukausimaksu,5.95,Energiamaksu,8.98,Kiinteähintainen,Toistaiseksi voimassa kahden viikon irtisanomisajalla,Aalto energia Oyj,2026-08-06
Sopimustyyppi,Toistaiseksi voimassaoleva,Kuukausimaksu,4.56,Energiamaksu,9.32,Kiinteähintainen,Toistaiseksi voimassa kahden viikon irtisanomisajalla,Pohjois-Karjalan Sähkö Oy,2026-08-06
Sopimustyyppi,Toistaiseksi voimassaoleva,Kuukausimaksu,9.00,Energiamaksu,8.87,Kiinteähintainen,Toistaiseksi voimassa kahden viikon irtisanomisajalla,Turku Energia Oy,2026-08-06
Sopimustyyppi,Toistaiseksi voimassaoleva,Kuukausimaksu,4.96,Energiamaksu,9.99,Kiinteähintainen,Toistaiseksi voimassa kahden viikon irtisanomisajalla,Fortum Markets Oy,2026-08-06
Sopimustyyppi,Toistaiseksi voimassaoleva,Kuukausimaksu,4.90,Energiamaksu,10.49,Kiinteähintainen,Toistaiseksi voimassa kahden viikon irtisanomisajalla,Hehku Energia Oy,2026-08-06
Sopimustyyppi,Toistaiseksi voimassaoleva,Kuukausimaksu,22.00,Energiamaksu,8.87,Kiinteähintainen,Toistaiseksi voimassa kahden viikon irtisanomisajalla,Turku Energia Oy,2026-08-06
Sopimustyyppi,Toistaiseksi voimassaoleva,Energiamaksu,10.90,Kuukausimaksu,5.95,Kiinteähintainen,Toistaiseksi voimassa kahden viikon irtisanomisajalla,Aalto energia Oyj,2026-08-06
Sopimustyyppi,Toistaiseksi voimassaoleva,Kuukausimaksu,3.99,Energiamaksu,11.50,Kiinteähintainen,Toistaiseksi voimassa kahden viikon irtisanomisajalla,Keravan Energia Oy,2026-08-06
Sopimustyyppi,Toistaiseksi voimassaoleva,Kuukausimaksu,26.00,Energiamaksu,8.87,Kiinteähintainen,Toistaiseksi voimassa kahden viikon irtisanomisajalla,Turku Energia Oy,2026-08-06
Sopimustyyppi,Toistaiseksi voimassaoleva,Energiamaksu,12.50,Kuukausimaksu,3.99,Kiinteähintainen,Toistaiseksi voimassa kahden viikon irtisanomisajalla,Keravan Energia Oy,2026-08-06
Sopimustyyppi,Toistaiseksi voimassaoleva,Kuukausimaksu,3.99,Energiamaksu,12.50,Kiinteähintainen,Toistaiseksi voimassa kahden viikon irtisanomisajalla,Keravan Energia Oy,2026-08-06
Sopimustyyppi,Toistaiseksi voimassaoleva,Kuukausimaksu,35.00,Energiamaksu,8.87,Kiinteähintainen,Toistaiseksi voimassa kahden viikon irtisanomisajalla,Turku Energia Oy,2026-08-06
Sopimustyyppi,Toistaiseksi voimassaoleva,Energiamaksu,12.90,Kuukausimaksu,5.56,Kiinteähintainen,Toistaiseksi voimassa kahden viikon irtisanomisajalla,Lumme Energia,2026-08-06
Sopimustyyppi,Toistaiseksi voimassaoleva,Kuukausimaksu,5.99,Energiamaksu,13.55,Kiinteähintainen,Toistaiseksi voimassa kahden viikon irtisanomisajalla,Helen Oy,2026-08-06
Sopimustyyppi,Toistaiseksi voimassaoleva,Kuukausimaksu,5.99,Energiamaksu,13.55,Kiinteähintainen,Toistaiseksi voimassa kahden viikon irtisanomisajalla,Helen Oy,2026-08-06
Sopimustyyppi,Toistaiseksi voimassaoleva,Kuukausimaksu,4.90,Energiamaksu,13.90,Kiinteähintainen,Toistaiseksi voimassa kahden viikon irtisanomisajalla,Imatran Seudun Sähkö Oy,2026-08-06
Sopimustyyppi,Toistaiseksi voimassaoleva,Kuukausimaksu,4.96,Energiamaksu,13.90,Kiinteähintainen,Toistaiseksi voimassa kahden viikon irtisanomisajalla,Oomi Oy,2026-08-06
Sopimustyyppi,Toistaiseksi voimassaoleva,Kuukausimaksu,4.55,Energiamaksu,13.96,Kiinteähintainen,Toistaiseksi voimassa kahden viikon irtisanomisajalla,Vattenfall Oy,2026-08-06
Sopimustyyppi,Toistaiseksi voimassaoleva,Kuukausimaksu,4.96,Energiamaksu,15.90,Kiinteähintainen,Toistaiseksi voimassa kahden viikon irtisanomisajalla,Oomi Oy,2026-08-06
Sopimustyyppi,Toistaiseksi voimassaoleva,Kuukausimaksu,10.50,Energiamaksu,16.60,Kiinteähintainen,Toistaiseksi voimassa kahden viikon irtisanomisajalla,Vaasan Sähkö Myynti Oy,2026-08-06
Sopimustyyppi,Toistaiseksi voimassaoleva,Kuukausimaksu,21.00,Energiamaksu,16.60,Kiinteähintainen,Toistaiseksi voimassa kahden viikon irtisanomisajalla,Vaasan Sähkö Myynti Oy,2026-08-06
Sopimustyyppi,Toistaiseksi voimassaoleva,Kuukausimaksu,2.99,Energiamaksu,20.23,Kiinteähintainen,Toistaiseksi voimassa kahden viikon irtisanomisajalla,Nurmijärven Sähkö Oy,2026-08-06
Sopimustyyppi,Toistaiseksi voimassaoleva,Kuukausimaksu,35.00,Energiamaksu,16.60,Kiinteähintainen,Toistaiseksi voimassa kahden viikon irtisanomisajalla,Vaasan Sähkö Myynti Oy,2026-08-06
Sopimustyyppi,Toistaiseksi voimassaoleva,Kuukausimaksu,49.00,Energiamaksu,16.60,Kiinteähintainen,Toistaiseksi voimassa kahden viikon irtisanomisajalla,Vaasan Sähkö Myynti Oy,2026-08-06
Sopimustyyppi,Toistaiseksi voimassaoleva,Energiamaksu,8.87,Energiamaksu,9.40,Kiinteähintainen,Toistaiseksi voimassa kahden viikon irtisanomisajalla,Turku Energia Oy,2026-08-06
Sopimustyyppi,"(24 kk)
Määräaikainen",Energiamaksu,9.33,Kuukausimaksu,5.50,Kiinteähintainen,Sopimuskauden keston mukaan,Keravan Energia Oy,2026-08-06
Sopimustyyppi,"(24 kk)
Määräaikainen",Energiamaksu,9.60,Kuukausimaksu,4.00,Kiinteähintainen,Sopimuskauden keston mukaan,Paneliankosken Voima Oy,2026-08-06
Sopimustyyppi,"(24 kk)
Määräaikainen",Kuukausimaksu,3.90,Energiamaksu,9.65,Kiinteähintainen,Sopimuskauden keston mukaan,Cheap Energy Finland Oy,2026-08-06
Sopimustyyppi,"(contracttypefixed_Between1323)
Määräaikainen",Energiamaksu,9.49,Kuukausimaksu,5.90,Kiinteähintainen,Sopimuskauden keston mukaan,Hehku Energia Oy,2026-08-06
Sopimustyyppi,"(24 kk)
Määräaikainen",Energiamaksu,9.66,Kuukausimaksu,4.52,Kiinteähintainen,Sopimuskauden keston mukaan,Koillis-Satakunnan Sähkö Oy,2026-08-06
Sopimustyyppi,"(contracttypefixed_Over24)
Määräaikainen",Kuukausimaksu,5.45,Energiamaksu,9.55,Kiinteähintainen,Sopimuskauden keston mukaan,Cheap Energy Finland Oy,2026-08-06
Sopimustyyppi,"(24 kk)
Määräaikainen",Kuukausimaksu,5.50,Energiamaksu,9.59,Kiinteähintainen,Sopimuskauden keston mukaan,Keravan Energia Oy,2026-08-06
Sopimustyyppi,"(24 kk)
Määräaikainen",Kuukausimaksu,4.90,Energiamaksu,9.68,Kiinteähintainen,Sopimuskauden keston mukaan,Hehku Energia Oy,2026-08-06
Sopimustyyppi,"(24 kk)
Määräaikainen",Kuukausimaksu,5.00,Energiamaksu,9.68,Kiinteähintainen,Sopimuskauden keston mukaan,Omavoima Oy,2026-08-06
Sopimustyyppi,"(24 kk)
Määräaikainen",Energiamaksu,9.69,Kuukausimaksu,5.90,Kiinteähintainen,Sopimuskauden keston mukaan,Imatran Seudun Sähkö Oy,2026-08-06
Sopimustyyppi,"(24 kk)
Määräaikainen",Energiamaksu,9.98,Kuukausimaksu,3.55,Kiinteähintainen,Sopimuskauden keston mukaan,Kokkolan Energia Oy,2026-08-06
Sopimustyyppi,"(24 kk)
Määräaikainen",Kuukausimaksu,5.90,Energiamaksu,9.75,Kiinteähintainen,Sopimuskauden keston mukaan,Oomi Oy,2026-08-06
Sopimustyyppi,"(24 kk)
Määräaikainen",Kuukausimaksu,5.90,Energiamaksu,9.75,Kiinteähintainen,Sopimuskauden keston mukaan,Lumme Energia,2026-08-06
Sopimustyyppi,"(24 kk)
Määräaikainen",Kuukausimaksu,3.90,Energiamaksu,10.00,Kiinteähintainen,Sopimuskauden keston mukaan,Porvoon Energia Oy,2026-08-06
Sopimustyyppi,"(24 kk)
Määräaikainen",Kuukausimaksu,4.85,Energiamaksu,9.89,Kiinteähintainen,Sopimuskauden keston mukaan,Turku Energia Oy,2026-08-06
Sopimustyyppi,"(24 kk)
Määräaikainen",Kuukausimaksu,3.90,Energiamaksu,10.20,Kiinteähintainen,Sopimuskauden keston mukaan,Porvoon Energia Oy,2026-08-06
Sopimustyyppi,"(24 kk)
Määräaikainen",Kuukausimaksu,3.90,Energiamaksu,10.20,Kiinteähintainen,Sopimuskauden keston mukaan,Porvoon Energia Oy,2026-08-06
Sopimustyyppi,"(24 kk)
Määräaikainen",Kuukausimaksu,5.90,Energiamaksu,9.99,Kiinteähintainen,Sopimuskauden keston mukaan,Vaasan Sähkö Myynti Oy,2026-08-06
Sopimustyyppi,"(24 kk)
Määräaikainen",Kuukausimaksu,5.99,Energiamaksu,9.99,Kiinteähintainen,Sopimuskauden keston mukaan,Fortum Markets Oy,2026-08-06
Sopimustyyppi,"(24 kk)
Määräaikainen",Kuukausimaksu,4.56,Energiamaksu,10.18,Kiinteähintainen,Sopimuskauden keston mukaan,Pohjois-Karjalan Sähkö Oy,2026-08-06
Sopimustyyppi,"(12 kk)
Määräaikainen",Energiamaksu,10.19,Kuukausimaksu,4.90,Kiinteähintainen,Sopimuskauden keston mukaan,Hehku Energia Oy,2026-08-06
Sopimustyyppi,"(24 kk)
Määräaikainen",Kuukausimaksu,4.90,Energiamaksu,10.19,Kiinteähintainen,Sopimuskauden keston mukaan,Hehku Energia Oy,2026-08-06
Sopimustyyppi,"(muu)
Määräaikainen",Energiamaksu,10.38,Kuukausimaksu,3.55,Kiinteähintainen,Sopimuskauden keston mukaan,Kokkolan Energia Oy,2026-08-06
Sopimustyyppi,"(12 kk)
Määräaikainen",Energiamaksu,10.29,Kuukausimaksu,4.52,Kiinteähintainen,Sopimuskauden keston mukaan,Koillis-Satakunnan Sähkö Oy,2026-08-06
Sopimustyyppi,"(24 kk)
Määräaikainen",Kuukausimaksu,5.99,Energiamaksu,10.19,Kiinteähintainen,Sopimuskauden keston mukaan,Helen Oy,2026-08-06
Sopimustyyppi,"(24 kk)
Määräaikainen",Kuukausimaksu,5.95,Energiamaksu,10.20,Kiinteähintainen,Sopimuskauden keston mukaan,Vattenfall Oy,2026-08-06
Sopimustyyppi,"(12 kk)
Määräaikainen",Kuukausimaksu,4.50,Energiamaksu,10.50,Kiinteähintainen,Sopimuskauden keston mukaan,Korpelan Energia Oy,2026-08-06
Sopimustyyppi,"(12 kk)
Määräaikainen",Energiamaksu,10.60,Kuukausimaksu,4.00,Kiinteähintainen,Sopimuskauden keston mukaan,Paneliankosken Voima Oy,2026-08-06
Sopimustyyppi,"(24 kk)
Määräaikainen",Kuukausimaksu,4.99,Energiamaksu,10.49,Kiinteähintainen,Sopimuskauden keston mukaan,Nurmijärven Sähkö Oy,2026-08-06
Sopimustyyppi,"(12 kk)
Määräaikainen",Energiamaksu,10.60,Kuukausimaksu,4.52,Kiinteähintainen,Sopimuskauden keston mukaan,Koillis-Satakunnan Sähkö Oy,2026-08-06
Sopimustyyppi,"(24 kk)
Määräaikainen",Kuukausimaksu,3.95,Kuukausimaksu,4.90,Kiinteähintainen,Sopimuskauden keston mukaan,Vattenfall Oy,2026-08-06
Sopimustyyppi,"(24 kk)
Määräaikainen",Kuukausimaksu,3.95,Kuukausimaksu,4.90,Kiinteähintainen,Sopimuskauden keston mukaan,Vattenfall Oy,2026-08-06
Sopimustyyppi,"(12 kk)
Määräaikainen",Energiamaksu,10.77,Kuukausimaksu,5.00,Kiinteähintainen,Sopimuskauden keston mukaan,Omavoima Oy,2026-08-06
Sopimustyyppi,"(12 kk)
Määräaikainen",Energiamaksu,10.79,Kuukausimaksu,4.90,Kiinteähintainen,Sopimuskauden keston mukaan,Hehku Energia Oy,2026-08-06
Sopimustyyppi,"(12 kk)
Määräaikainen",Kuukausimaksu,5.50,Energiamaksu,10.90,Kiinteähintainen,Sopimuskauden keston mukaan,Keravan Energia Oy,2026-08-06
Sopimustyyppi,"(12 kk)
Määräaikainen",Kuukausimaksu,5.90,Energiamaksu,10.99,Kiinteähintainen,Sopimuskauden keston mukaan,Lumme Energia,2026-08-06
Sopimustyyppi,"(12 kk)
Määräaikainen",Kuukausimaksu,5.90,Energiamaksu,10.99,Kiinteähintainen,Sopimuskauden keston mukaan,Oomi Oy,2026-08-06
Sopimustyyppi,"(12 kk)
Määräaikainen",Energiamaksu,11.31,Kuukausimaksu,3.55,Kiinteähintainen,Sopimuskauden keston mukaan,Kokkolan Energia Oy,2026-08-06
Sopimustyyppi,"(12 kk)
Määräaikainen",Kuukausimaksu,5.50,Energiamaksu,11.16,Kiinteähintainen,Sopimuskauden keston mukaan,Keravan Energia Oy,2026-08-06
Sopimustyyppi,"(contracttypefixed_Between1323)
Määräaikainen",Kuukausimaksu,5.99,Energiamaksu,11.19,Kiinteähintainen,Sopimuskauden keston mukaan,Helen Oy,2026-08-06
Sopimustyyppi,"(12 kk)
Määräaikainen",Kuukausimaksu,5.90,Energiamaksu,11.29,Kiinteähintainen,Sopimuskauden keston mukaan,Imatran Seudun Sähkö Oy,2026-08-06
Sopimustyyppi,"(12 kk)
Määräaikainen",Energiamaksu,11.35,Kuukausimaksu,5.95,Kiinteähintainen,Sopimuskauden keston mukaan,Vattenfall Oy,2026-08-06
Sopimustyyppi,"(12 kk)
Määräaikainen",Energiamaksu,11.49,Kuukausimaksu,4.99,Kiinteähintainen,Sopimuskauden keston mukaan,Nurmijärven Sähkö Oy,2026-08-06
Sopimustyyppi,"(12 kk)
Määräaikainen",Kuukausimaksu,5.90,Energiamaksu,11.45,Kiinteähintainen,Sopimuskauden keston mukaan,Vaasan Sähkö Myynti Oy,2026-08-06
Sopimustyyppi,"(12 kk)
Määräaikainen",Kuukausimaksu,3.90,Energiamaksu,11.70,Kiinteähintainen,Sopimuskauden keston mukaan,Porvoon Energia Oy,2026-08-06
Sopimustyyppi,"(12 kk)
Määräaikainen",Kuukausimaksu,4.95,Energiamaksu,11.59,Kiinteähintainen,Sopimuskauden keston mukaan,Turku Energia Oy,2026-08-06
Sopimustyyppi,"(12 kk)
Määräaikainen",Kuukausimaksu,3.95,Kuukausimaksu,4.90,Kiinteähintainen,Sopimuskauden keston mukaan,Vattenfall Oy,2026-08-06
Sopimustyyppi,"(12 kk)
Määräaikainen",Kuukausimaksu,3.95,Kuukausimaksu,4.90,Kiinteähintainen,Sopimuskauden keston mukaan,Vattenfall Oy,2026-08-06
Sopimustyyppi,"(6 kk)
Määräaikainen",Energiamaksu,11.92,Kuukausimaksu,3.55,Kiinteähintainen,Sopimuskauden keston mukaan,Kokkolan Energia Oy,2026-08-06
Sopimustyyppi,"(12 kk)
Määräaikainen",Kuukausimaksu,3.90,Energiamaksu,11.90,Kiinteähintainen,Sopimuskauden keston mukaan,Porvoon Energia Oy,2026-08-06
Sopimustyyppi,"(12 kk)
Määräaikainen",Kuukausimaksu,3.90,Energiamaksu,11.90,Kiinteähintainen,Sopimuskauden keston mukaan,Porvoon Energia Oy,2026-08-06
Sopimustyyppi,"(12 kk)
Määräaikainen",Kuukausimaksu,5.99,Energiamaksu,11.65,Kiinteähintainen,Sopimuskauden keston mukaan,Helen Oy,2026-08-06
Sopimustyyppi,"(6 kk)
Määräaikainen",Kuukausimaksu,4.56,Energiamaksu,11.94,Kiinteähintainen,Sopimuskauden keston mukaan,Pohjois-Karjalan Sähkö Oy,2026-08-06
Sopimustyyppi,"(12 kk)
Määräaikainen",Kuukausimaksu,4.56,Energiamaksu,12.26,Kiinteähintainen,Sopimuskauden keston mukaan,Pohjois-Karjalan Sähkö Oy,2026-08-06
Sopimustyyppi,"(6 kk)
Määräaikainen",Energiamaksu,12.64,Kuukausimaksu,3.55,Kiinteähintainen,Sopimuskauden keston mukaan,Kokkolan Energia Oy,2026-08-06
Sopimustyyppi,"(6 kk)
Määräaikainen",Energiamaksu,12.86,Kuukausimaksu,4.90,Kiinteähintainen,Sopimuskauden keston mukaan,Turku Energia Oy,2026-08-06
Sopimustyyppi,"(6 kk)
Määräaikainen",Kuukausimaksu,4.90,Energiamaksu,13.25,Kiinteähintainen,Sopimuskauden keston mukaan,Keravan Energia Oy,2026-08-06
Sopimustyyppi,"(6 kk)
Määräaikainen",Energiamaksu,13.25,Kuukausimaksu,4.95,Kiinteähintainen,Sopimuskauden keston mukaan,Vattenfall Oy,2026-08-06
Sopimustyyppi,"(6 kk)
Määräaikainen",Kuukausimaksu,5.90,Energiamaksu,13.14,Kiinteähintainen,Sopimuskauden keston mukaan,Vaasan Sähkö Myynti Oy,2026-08-06
Sopimustyyppi,"(6 kk)
Määräaikainen",Energiamaksu,14.49,Kuukausimaksu,5.90,Kiinteähintainen,Sopimuskauden keston mukaan,Imatran Seudun Sähkö Oy,2026-08-06
Sopimustyyppi,"(6 kk)
Määräaikainen",Kuukausimaksu,3.50,Energiamaksu,14.90,Kiinteähintainen,Sopimuskauden keston mukaan,Cheap Energy Finland Oy,2026-08-06
Sopimustyyppi,"(6 kk)
Määräaikainen",Kuukausimaksu,5.99,Energiamaksu,15.39,Kiinteähintainen,Sopimuskauden keston mukaan,Helen Oy,2026-08-06
Sopimustyyppi,"(24 kk)
Määräaikainen",Energiamaksu,8.85,Kuukausimaksu,4.99,Hybridi,Sopimuskauden keston mukaan,Omavoima Oy,2026-08-06
Sopimustyyppi,"(24 kk)
Määräaikainen",Kuukausimaksu,5.50,Energiamaksu,8.83,Hybridi,Sopimuskauden keston mukaan,Keravan Energia Oy,2026-08-06
Sopimustyyppi,"(24 kk)
Määräaikainen",Kuukausimaksu,4.00,Energiamaksu,9.15,Hybridi,Sopimuskauden keston mukaan,Paneliankosken Voima Oy,2026-08-06
Sopimustyyppi,"(24 kk)
Määräaikainen",Energiamaksu,9.10,Kuukausimaksu,4.52,Hybridi,Sopimuskauden keston mukaan,Koillis-Satakunnan Sähkö Oy,2026-08-06
Sopimustyyppi,"(24 kk)
Määräaikainen",Kuukausimaksu,5.90,Energiamaksu,8.95,Hybridi,Sopimuskauden keston mukaan,Lumme Energia,2026-08-06
Sopimustyyppi,"(24 kk)
Määräaikainen",Kuukausimaksu,5.90,Energiamaksu,8.95,Hybridi,Sopimuskauden keston mukaan,Oomi Oy,2026-08-06
Sopimustyyppi,"(24 kk)
Määräaikainen",Kuukausimaksu,4.50,Energiamaksu,9.15,Hybridi,Sopimuskauden keston mukaan,Korpelan Energia Oy,2026-08-06
Sopimustyyppi,"(24 kk)
Määräaikainen",Kuukausimaksu,5.50,Energiamaksu,9.09,Hybridi,Sopimuskauden keston mukaan,Keravan Energia Oy,2026-08-06
Sopimustyyppi,"(24 kk)
Määräaikainen",Energiamaksu,9.09,Kuukausimaksu,5.90,Hybridi,Sopimuskauden keston mukaan,Imatran Seudun Sähkö Oy,2026-08-06
Sopimustyyppi,"(24 kk)
Määräaikainen",Energiamaksu,9.41,Kuukausimaksu,3.55,Hybridi,Sopimuskauden keston mukaan,Kokkolan Energia Oy,2026-08-06
Sopimustyyppi,"(24 kk)
Määräaikainen",Kuukausimaksu,5.99,Energiamaksu,9.29,Hybridi,Sopimuskauden keston mukaan,Fortum Markets Oy,2026-08-06
Sopimustyyppi,"(24 kk)
Määräaikainen",Energiamaksu,9.49,Kuukausimaksu,4.90,Hybridi,Sopimuskauden keston mukaan,Hehku Energia Oy,2026-08-06
Sopimustyyppi,"(24 kk)
Määräaikainen",Kuukausimaksu,5.90,Energiamaksu,9.42,Hybridi,Sopimuskauden keston mukaan,Vaasan Sähkö Myynti Oy,2026-08-06
Sopimustyyppi,"(24 kk)
Määräaikainen",Kuukausimaksu,4.55,Energiamaksu,9.61,Hybridi,Sopimuskauden keston mukaan,Lammaisten Energia Oy,2026-08-06
Sopimustyyppi,"(24 kk)
Määräaikainen",Kuukausimaksu,5.99,Energiamaksu,9.69,Hybridi,Sopimuskauden keston mukaan,Helen Oy,2026-08-06
Sopimustyyppi,"(12 kk)
Määräaikainen",Energiamaksu,9.98,Kuukausimaksu,4.52,Hybridi,Sopimuskauden keston mukaan,Koillis-Satakunnan Sähkö Oy,2026-08-06
Sopimustyyppi,"(12 kk)
Määräaikainen",Kuukausimaksu,5.50,Energiamaksu,9.90,Hybridi,Sopimuskauden keston mukaan,Keravan Energia Oy,2026-08-06
Sopimustyyppi,"(12 kk)
Määräaikainen",Kuukausimaksu,4.00,Energiamaksu,10.15,Hybridi,Sopimuskauden keston mukaan,Paneliankosken Voima Oy,2026-08-06
Sopimustyyppi,"(12 kk)
Määräaikainen",Energiamaksu,9.99,Kuukausimaksu,5.49,Hybridi,Sopimuskauden keston mukaan,Hehku Energia Oy,2026-08-06
Sopimustyyppi,"(12 kk)
Määräaikainen",Kuukausimaksu,4.50,Energiamaksu,10.15,Hybridi,Sopimuskauden keston mukaan,Korpelan Energia Oy,2026-08-06
Sopimustyyppi,"(12 kk)
Määräaikainen",Kuukausimaksu,5.90,Energiamaksu,10.19,Hybridi,Sopimuskauden keston mukaan,Oomi Oy,2026-08-06
Sopimustyyppi,"(12 kk)
Määräaikainen",Kuukausimaksu,5.90,Energiamaksu,10.19,Hybridi,Sopimuskauden keston mukaan,Lumme Energia,2026-08-06
Sopimustyyppi,"(12 kk)
Määräaikainen",Kuukausimaksu,5.50,Energiamaksu,10.40,Hybridi,Sopimuskauden keston mukaan,Keravan Energia Oy,2026-08-06
Sopimustyyppi,"(12 kk)
Määräaikainen",Energiamaksu,10.67,Kuukausimaksu,3.55,Hybridi,Sopimuskauden keston mukaan,Kokkolan Energia Oy,2026-08-06
Sopimustyyppi,"(12 kk)
Määräaikainen",Kuukausimaksu,5.90,Energiamaksu,10.39,Hybridi,Sopimuskauden keston mukaan,Imatran Seudun Sähkö Oy,2026-08-06
Sopimustyyppi,"(12 kk)
Määräaikainen",Kuukausimaksu,4.55,Energiamaksu,10.63,Hybridi,Sopimuskauden keston mukaan,Lammaisten Energia Oy,2026-08-06
Sopimustyyppi,"(12 kk)
Määräaikainen",Kuukausimaksu,5.50,Energiamaksu,10.66,Hybridi,Sopimuskauden keston mukaan,Keravan Energia Oy,2026-08-06
Sopimustyyppi,"(12 kk)
Määräaikainen",Kuukausimaksu,5.90,Energiamaksu,10.81,Hybridi,Sopimuskauden keston mukaan,Vaasan Sähkö Myynti Oy,2026-08-06
Sopimustyyppi,"(12 kk)
Määräaikainen",Kuukausimaksu,5.99,Energiamaksu,10.99,Hybridi,Sopimuskauden keston mukaan,Fortum Markets Oy,2026-08-06
Sopimustyyppi,"(6 kk)
Määräaikainen",Kuukausimaksu,5.90,Energiamaksu,11.26,Hybridi,Sopimuskauden keston mukaan,Vaasan Sähkö Myynti Oy,2026-08-06
Sopimustyyppi,"(6 kk)
Määräaikainen",Kuukausimaksu,5.90,Energiamaksu,13.89,Hybridi,Sopimuskauden keston mukaan,Imatran Seudun Sähkö Oy,2026-08-06
Sopimustyyppi,"(12 kk)
Määräaikainen",Kuukausimaksu,5.99,Energiamaksu,10.99,Hybridi,Sopimuskauden keston mukaan,Helen Oy,2026-08-06
